month,technology_a,technology_b
2023-03-01,ai_agents,mcp
2023-04-01,ai_agents,mcp
2023-05-01,ai_agents,mcp
2025-06-01,ai_agents,mcp
2025-08-01,ai_agents,mcp
2026-01-01,ai_agents,mcp
2026-02-01,ai_agents,mcp
2023-09-01,ai_agents,rag
2023-10-01,ai_agents,rag
2023-11-01,ai_agents,rag
2024-12-01,ai_agents,rag
2024-11-01,mcp,multimodal_ai
2024-12-01,mcp,multimodal_ai
2025-01-01,mcp,multimodal_ai
2025-03-01,mcp,multimodal_ai
2023-07-01,mcp,rag
2023-10-01,mcp,rag
2023-11-01,mcp,rag
2025-03-01,mcp,rag
2026-06-01,mcp,rag
2026-07-01,mcp,rag
2026-08-01,mcp,rag
2025-01-01,mcp,reasoning_ai
2025-02-01,mcp,reasoning_ai
2026-05-01,multimodal_ai,rag
2026-06-01,multimodal_ai,rag
2023-02-01,multimodal_ai,reasoning_ai
2023-09-01,multimodal_ai,reasoning_ai
2023-10-01,multimodal_ai,reasoning_ai
2024-09-01,multimodal_ai,reasoning_ai
2024-10-01,multimodal_ai,reasoning_ai
2024-12-01,multimodal_ai,reasoning_ai
2025-01-01,multimodal_ai,reasoning_ai
2025-03-01,multimodal_ai,reasoning_ai
2025-05-01,multimodal_ai,reasoning_ai
2025-07-01,multimodal_ai,reasoning_ai
2025-09-01,multimodal_ai,reasoning_ai
2025-11-01,multimodal_ai,reasoning_ai
2026-03-01,multimodal_ai,reasoning_ai
2026-06-01,multimodal_ai,reasoning_ai
2026-07-01,multimodal_ai,reasoning_ai
2025-07-01,rag,reasoning_ai
2025-08-01,rag,reasoning_ai
