scenario,removed_metric,rows,mean_abs_score_difference,max_abs_score_difference,mean_abs_rank_change,max_abs_rank_change,rank_correlation,exact_rank_match,exact_rank_match_count
without_github_stars,github_stars,264,0.9923315394739064,5.272287906530146,0.06060606060606061,1.0,0.9896103896103898,0.9393939393939394,248
without_stackoverflow_views,stackoverflow_views,264,1.6748286589071253,6.415065934569419,0.06060606060606061,2.0,0.9831168831168834,0.9583333333333334,253
without_stackoverflow_answers,stackoverflow_answers,264,0.5795068590122778,3.596178418332812,0.06818181818181818,1.0,0.9883116883116885,0.9318181818181818,246
without_github_forks,github_forks,264,0.9088848504066299,5.20412953418721,0.06818181818181818,2.0,0.9870129870129872,0.9356060606060606,247
without_stackoverflow_questions,stackoverflow_questions,264,0.5373982529282938,4.7936928812487025,0.07575757575757576,2.0,0.9844155844155846,0.9318181818181818,246
without_stackoverflow_score,stackoverflow_score,264,2.150781065705123,7.249565398200787,0.07575757575757576,1.0,0.9870129870129872,0.9242424242424242,244
without_github_issues,github_issues,264,1.099410265613691,4.325577961065555,0.08333333333333333,2.0,0.9844155844155846,0.9204545454545454,243
without_github_activity,github_activity,264,2.5649636033219774,11.090624187866169,0.10606060606060606,1.0,0.981818181818182,0.8939393939393939,236
without_huggingface_models,huggingface_models,264,7.084468373023908,29.46878840998201,0.26515151515151514,2.0,0.9415584415584418,0.7727272727272727,204
