metric_a,metric_b,pearson_correlation,spearman_correlation,absolute_spearman_correlation,absolute_pearson_correlation
github_stars,github_forks,0.9835551584878415,0.9880309426743475,0.9880309426743475,0.9835551584878415
stackoverflow_questions,stackoverflow_answers,0.9671476009881704,0.9697830060958009,0.9697830060958009,0.9671476009881704
github_stars,github_issues,0.9276623814001966,0.9388944896525504,0.9388944896525504,0.9276623814001966
stackoverflow_questions,stackoverflow_views,0.9429697977952397,0.9372144339516332,0.9372144339516332,0.9429697977952397
github_forks,github_issues,0.9237434061159849,0.9364064783608961,0.9364064783608961,0.9237434061159849
stackoverflow_views,stackoverflow_answers,0.9070047165121006,0.9275459128410684,0.9275459128410684,0.9070047165121006
stackoverflow_views,stackoverflow_score,0.6127378141106429,0.849694349592961,0.849694349592961,0.6127378141106429
stackoverflow_questions,stackoverflow_score,0.6912887820322341,0.8168707241370716,0.8168707241370716,0.6912887820322341
stackoverflow_answers,stackoverflow_score,0.7244550782356393,0.8125936077257359,0.8125936077257359,0.7244550782356393
