,github_activity,github_stars,github_forks,github_issues,stackoverflow_questions,stackoverflow_views,stackoverflow_answers,stackoverflow_score,huggingface_models
github_activity,1.0,0.6083334078964203,0.6094238039129795,0.6405232384847803,0.36437275695197635,0.4374383820703775,0.33565124839536237,0.15834495882747465,-0.2629627471033749
github_stars,0.6083334078964203,1.0,0.9835551584878415,0.9276623814001966,0.6702169177252144,0.7194667006265116,0.6465153409908986,0.4302090660925634,-0.20516244281220009
github_forks,0.6094238039129795,0.9835551584878415,1.0,0.9237434061159849,0.6861147438338316,0.7425090558875944,0.6601226141050449,0.42351960713880715,-0.23954092121653373
github_issues,0.6405232384847803,0.9276623814001966,0.9237434061159849,1.0,0.6798854446691762,0.7375146822001671,0.6591593238926984,0.44668238385189235,-0.2292978260721353
stackoverflow_questions,0.36437275695197635,0.6702169177252144,0.6861147438338316,0.6798854446691762,1.0,0.9429697977952397,0.9671476009881704,0.6912887820322341,-0.02027651614694429
stackoverflow_views,0.4374383820703775,0.7194667006265116,0.7425090558875944,0.7375146822001671,0.9429697977952397,1.0,0.9070047165121006,0.6127378141106429,-0.23799819209189266
stackoverflow_answers,0.33565124839536237,0.6465153409908986,0.6601226141050449,0.6591593238926984,0.9671476009881704,0.9070047165121006,1.0,0.7244550782356393,0.04127953310066381
stackoverflow_score,0.15834495882747465,0.4302090660925634,0.42351960713880715,0.44668238385189235,0.6912887820322341,0.6127378141106429,0.7244550782356393,1.0,0.18802337364414468
huggingface_models,-0.2629627471033749,-0.20516244281220009,-0.23954092121653373,-0.2292978260721353,-0.02027651614694429,-0.23799819209189266,0.04127953310066381,0.18802337364414468,1.0
